Metric,Value
MAE,4096.566662564229
RMSE,5337.333031680851
MAPE,680.1558446599262
